Name,Revenue,Country
Camping and Sports Store,300000,Canada
Certified Sports Supply,300000,Canada
Citywide Service and Repair,300000,Canada
Custom Accessories Company,300000,Canada
Cycle Merchants,300000,Canada
Designated Distributors,300000,Canada
Efficient Cycling,300000,Canada
Farthest Bike Store,300000,Canada
Finer Riding Supplies,300000,Canada
Finer Sales and Service,300000,Canada
Future Bikes,300000,Canada
Grand Industries,300000,Canada
Leather Seat Factory,300000,Canada
Major Cycling,300000,Canada
Mercantile Outlet,300000,Canada
National Manufacturing,300000,Canada
Neighborhood Store,300000,Canada
Odometers and Accessories Company,300000,Canada
Our Sporting Goods Store,300000,Canada
Petroleum Products Distributors,300000,Canada
Plastic Parts Company,300000,Canada
Price-Cutter Discount Bikes,300000,Canada
Professional Cyclists,300000,Canada
Racing Partners,300000,Canada
Retail Mall,300000,Canada
Rewarding Activities Company,300000,Canada
Serious Cycles,300000,Canada
The Showroom,300000,Canada
Top Bike Market,300000,Canada
Top Sports Supply,300000,Canada
Vigorous Exercise Company,300000,Canada
Wholesale Parts,300000,Canada
Bikes and Motorbikes,150000,Canada
Bikes for Kids and Adults,150000,Canada
City Cycling,150000,Canada
Cross-Country Riding Supplies,150000,Canada
Custom Sales and Service,150000,Canada
Economy Center,150000,Canada
Famous Bike Shop,150000,Canada
General Bike Corporation,150000,Canada
General Industries,150000,Canada
General Riding Supplies,150000,Canada
Greater Bike Store,150000,Canada
"Health Spa, Limited",150000,Canada
Low Price Cycles,150000,Canada
Metal Processing Company,150000,Canada
Metro Manufacturing,150000,Canada
Nuts and Bolts Mfg.,150000,Canada
One Bike Company,150000,Canada
Original Bicycle Supply Company,150000,Canada
Primary Bike Distributors,150000,Canada
Quick Delivery Service,150000,Canada
Rapid Bikes,150000,Canada
Recommended Bicycles,150000,Canada
Reliable Retail Center,150000,Canada
Requisite Part Supply,150000,Canada
Retail Discount Store,150000,Canada
Seats and Saddles Company,150000,Canada
Sixth Bike Store,150000,Canada
South Bike Company,150000,Canada
Standard Bikes,150000,Canada
Tandem Sales and Service,150000,Canada
Tire Exchange,150000,Canada
Toy Manufacturing Inc,150000,Canada
Two-Wheeled Transit Company,150000,Canada
Vinyl and Plastic Goods Corporation,150000,Canada
Workout Emporium,150000,Canada
First-Rate Outlet,100000,Canada
Gasless Cycle Shop,100000,Canada
Purple Bicycle Company,100000,Canada
Up-To-Date Sports,100000,Canada
Urban Sports Emporium,100000,Canada
Acceptable Sales & Service,80000,Canada
Active Life Toys,80000,Canada
Bikes for Two,80000,Canada
Commuter Bicycle Store,80000,Canada
Corner Bicycle Supply,80000,Canada
Eastside Parts Shop,80000,Canada
Family Cycle Store,80000,Canada
Family's Favorite Bike Shop,80000,Canada
Fasteners & Bolts Outlet,80000,Canada
Finer Cycle Shop,80000,Canada
Gear-Shift Bikes Limited,80000,Canada
General Cycle Storehouse,80000,Canada
General Supplies,80000,Canada
Home Town Bike Store,80000,Canada
Large Bike Shop,80000,Canada
Leisure Activities,80000,Canada
Machines & Cycles Store,80000,Canada
Online Bike Warehouse,80000,Canada
Red Bicycle Company,80000,Canada
Remote Bicycle Specialists,80000,Canada
Rural Cycle Emporium,80000,Canada
Scratch-Resistant Finishes Company,80000,Canada
Sharp Bikes,80000,Canada
Superb Sales and Repair,80000,Canada
Tenth Bike Store,80000,Canada
Transportation Options,80000,Canada
Twelfth Bike Store,80000,Canada
Consolidated Messenger,30000,Canada
Courteous Bicycle Specialists,30000,Canada
General Department Stores,30000,Canada
Metal Clearing House,30000,Canada
Nice Bikes,30000,Canada
Non-Slip Pedal Company,30000,Canada
Operational Manufacturing,30000,Canada
Quick Parts and Service,30000,Canada
Refined Department Stores,30000,Canada
Retreat Inn,30000,Canada
Road Way Sales and Rental,30000,Canada
Rural Bicycle Supply,30000,Canada
Sundry Sporting Goods,30000,Canada
The Commissary,30000,Canada
Valley Toy Store,30000,Canada
